Symbol,Interval,Current_Rate(%),Daily_Rate(%),Exchange
PIPPIN-USDT,1h,-0.0359,-0.8616,Bitget
PYR-USDT,1h,0.0013,0.0312,Bitget
RIVER-USDT,1h,0.005399999999999999,0.1296,Bitget
SENT-USDT,1h,-0.2104,-5.0496,Bitget
SNT-USDT,1h,0.0013,0.0312,Bitget
0G-USDT,4h,-0.2852,-1.7112,Bitget
1000000MOG-USDT,4h,0.005,0.03,Bitget
1000BONK-USDT,4h,0.005,0.03,Bitget
1000CAT-USDT,4h,0.005,0.03,Bitget
1000RATS-USDT,4h,0.005,0.03,Bitget
1000SATS-USDT,4h,0.0049,0.0294,Bitget
1MBABYDOGE-USDT,4h,0.005,0.03,Bitget
1MCHEEMS-USDT,4h,0.005,0.03,Bitget
2Z-USDT,4h,-0.024399999999999998,-0.14639999999999997,Bitget
4-USDT,4h,0.005,0.03,Bitget
A-USDT,4h,0.005,0.03,Bitget
A2Z-USDT,4h,0.005,0.03,Bitget
AAPL-USDT,4h,0.016,0.096,Bitget
ACE-USDT,4h,0.005,0.03,Bitget
ACN-USDT,4h,0.005,0.03,Bitget
ACT-USDT,4h,-0.0429,-0.2574,Bitget
ACU-USDT,4h,-0.0956,-0.5736,Bitget
ACX-USDT,4h,0.005,0.03,Bitget
AERGO-USDT,4h,0.005,0.03,Bitget
AERO-USDT,4h,0.005,0.03,Bitget
AEVO-USDT,4h,0.005,0.03,Bitget
AGI-USDT,4h,0.005,0.03,Bitget
AI-USDT,4h,0.005,0.03,Bitget
AIN-USDT,4h,0.005,0.03,Bitget
AIO-USDT,4h,0.005,0.03,Bitget
AIXBT-USDT,4h,0.005,0.03,Bitget
AKT-USDT,4h,0.005,0.03,Bitget
ALCH-USDT,4h,0.005,0.03,Bitget
ALLO-USDT,4h,0.005,0.03,Bitget
ALT-USDT,4h,0.005,0.03,Bitget
AMZN-USDT,4h,0.005,0.03,Bitget
ANIME-USDT,4h,0.005,0.03,Bitget
API3-USDT,4h,0.005,0.03,Bitget
APP-USDT,4h,0.005,0.03,Bitget
APR-USDT,4h,-0.0056,-0.0336,Bitget
ARC-USDT,4h,0.005,0.03,Bitget
ARIA-USDT,4h,0.005,0.03,Bitget
ARK-USDT,4h,0.005,0.03,Bitget
ARM-USDT,4h,0.005,0.03,Bitget
ASML-USDT,4h,0.005,0.03,Bitget
ASR-USDT,4h,0.005,0.03,Bitget
ASTER-USDT,4h,0.0036999999999999997,0.022199999999999998,Bitget
AT-USDT,4h,0.005,0.03,Bitget
ATH-USDT,4h,0.0024000000000000002,0.014400000000000001,Bitget
AUCTION-USDT,4h,-0.0144,-0.0864,Bitget
AVA-USDT,4h,0.005,0.03,Bitget
AVNT-USDT,4h,0.005,0.03,Bitget
AWE-USDT,4h,0.005,0.03,Bitget
AXL-USDT,4h,-0.021,-0.126,Bitget
AXS-USDT,4h,-0.46849999999999997,-2.811,Bitget
B-USDT,4h,0.005,0.03,Bitget
B2-USDT,4h,0.005,0.03,Bitget
B3-USDT,4h,0.005,0.03,Bitget
BABA-USDT,4h,0.005,0.03,Bitget
BABY-USDT,4h,0.005,0.03,Bitget
BAN-USDT,4h,0.0439,0.2634,Bitget
BANANA-USDT,4h,0.005,0.03,Bitget
BANANAS31-USDT,4h,0.0045000000000000005,0.027000000000000003,Bitget
BANK-USDT,4h,0.005,0.03,Bitget
BARD-USDT,4h,0.005,0.03,Bitget
BAS-USDT,4h,0.005,0.03,Bitget
BB-USDT,4h,0.005,0.03,Bitget
BEAM-USDT,4h,0.005,0.03,Bitget
BEAT-USDT,4h,0.005,0.03,Bitget
BERA-USDT,4h,-0.07200000000000001,-0.43200000000000005,Bitget
BGSC-USDT,4h,0.005,0.03,Bitget
BIGTIME-USDT,4h,0.005,0.03,Bitget
BIO-USDT,4h,0.005,0.03,Bitget
BIRB-USDT,4h,-0.0185,-0.11099999999999999,Bitget
BLESS-USDT,4h,0.005,0.03,Bitget
BMT-USDT,4h,-0.0107,-0.0642,Bitget
BOB-USDT,4h,0.005,0.03,Bitget
BOME-USDT,4h,0.005,0.03,Bitget
BR-USDT,4h,0.005,0.03,Bitget
BRETT-USDT,4h,0.005,0.03,Bitget
BREV-USDT,4h,0.005,0.03,Bitget
BROCCOLI-USDT,4h,0.005,0.03,Bitget
BSU-USDT,4h,0.0173,0.1038,Bitget
BSV-USDT,4h,0.005,0.03,Bitget
C-USDT,4h,0.005,0.03,Bitget
CAKE-USDT,4h,0.005,0.03,Bitget
CAMP-USDT,4h,-0.07730000000000001,-0.46380000000000005,Bitget
CARV-USDT,4h,0.005,0.03,Bitget
CATI-USDT,4h,0.005,0.03,Bitget
CETUS-USDT,4h,0.005,0.03,Bitget
CGPT-USDT,4h,0.005,0.03,Bitget
CHILLGUY-USDT,4h,0.005,0.03,Bitget
CLANKER-USDT,4h,0.005,0.03,Bitget
CLO-USDT,4h,-0.0215,-0.129,Bitget
COAI-USDT,4h,0.005,0.03,Bitget
COIN-USDT,4h,0.005,0.03,Bitget
COOKIE-USDT,4h,0.005,0.03,Bitget
COW-USDT,4h,0.005,0.03,Bitget
CRCL-USDT,4h,0.0388,0.2328,Bitget
CROSS-USDT,4h,0.005,0.03,Bitget
CSCO-USDT,4h,0.005,0.03,Bitget
CTC-USDT,4h,0.005,0.03,Bitget
CTK-USDT,4h,-0.0135,-0.081,Bitget
CVC-USDT,4h,0.0034,0.020399999999999998,Bitget
CVX-USDT,4h,0.005,0.03,Bitget
CYBER-USDT,4h,0.0029,0.0174,Bitget
CYS-USDT,4h,0.005,0.03,Bitget
DEEP-USDT,4h,0.005,0.03,Bitget
DEGEN-USDT,4h,0.005,0.03,Bitget
DEXE-USDT,4h,0.005,0.03,Bitget
DF-USDT,4h,0.005,0.03,Bitget
DIA-USDT,4h,0.005,0.03,Bitget
DOGS-USDT,4h,0.005,0.03,Bitget
DOLO-USDT,4h,0.005,0.03,Bitget
DOOD-USDT,4h,0.005,0.03,Bitget
DRIFT-USDT,4h,-0.007899999999999999,-0.0474,Bitget
DYM-USDT,4h,-0.0102,-0.061200000000000004,Bitget
EDEN-USDT,4h,0.005,0.03,Bitget
EIGEN-USDT,4h,0.005,0.03,Bitget
ELSA-USDT,4h,-0.061200000000000004,-0.3672,Bitget
ENA-USDT,4h,0.0025,0.015,Bitget
ENSO-USDT,4h,-0.44980000000000003,-2.6988000000000003,Bitget
EPIC-USDT,4h,0.0033000000000000004,0.0198,Bitget
ERA-USDT,4h,0.005,0.03,Bitget
ESPORTS-USDT,4h,0.005,0.03,Bitget
ETHFI-USDT,4h,0.005,0.03,Bitget
ETHW-USDT,4h,0.005,0.03,Bitget
EUL-USDT,4h,0.005,0.03,Bitget
F-USDT,4h,0.005,0.03,Bitget
FARTCOIN-USDT,4h,0.005,0.03,Bitget
FF-USDT,4h,0.005,0.03,Bitget
FIDA-USDT,4h,-0.3822,-2.2931999999999997,Bitget
FIGHT-USDT,4h,0.005,0.03,Bitget
FLOCK-USDT,4h,0.005,0.03,Bitget
FLOW-USDT,4h,-0.0123,-0.0738,Bitget
FLUID-USDT,4h,0.005,0.03,Bitget
FLUX-USDT,4h,0.005,0.03,Bitget
FOGO-USDT,4h,0.005,0.03,Bitget
FOLKS-USDT,4h,0.005,0.03,Bitget
FORM-USDT,4h,0.005,0.03,Bitget
FORTH-USDT,4h,0.005,0.03,Bitget
FRAX-USDT,4h,-0.0451,-0.2706,Bitget
FUN-USDT,4h,0.005,0.03,Bitget
FUNTOKEN-USDT,4h,0.005,0.03,Bitget
FUTU-USDT,4h,0.005,0.03,Bitget
G-USDT,4h,0.005,0.03,Bitget
GAS-USDT,4h,0.005,0.03,Bitget
GE-USDT,4h,0.005,0.03,Bitget
GIGA-USDT,4h,0.005,0.03,Bitget
GIGGLE-USDT,4h,-0.1142,-0.6852,Bitget
GLM-USDT,4h,0.005,0.03,Bitget
GME-USDT,4h,0.005,0.03,Bitget
GMT-USDT,4h,0.005,0.03,Bitget
GOAT-USDT,4h,0.005,0.03,Bitget
GOOGL-USDT,4h,0.005,0.03,Bitget
GPS-USDT,4h,-0.0165,-0.099,Bitget
GRASS-USDT,4h,0.005,0.03,Bitget
GRIFFAIN-USDT,4h,0.005,0.03,Bitget
GUN-USDT,4h,0.0044,0.0264,Bitget
GWEI-USDT,4h,0.005,0.03,Bitget
H-USDT,4h,0.005,0.03,Bitget
HAEDAL-USDT,4h,0.0026999999999999997,0.0162,Bitget
HEI-USDT,4h,0.005,0.03,Bitget
HIVE-USDT,4h,0.005,0.03,Bitget
HMSTR-USDT,4h,0.005,0.03,Bitget
HOLO-USDT,4h,-9.999999999999999e-05,-0.0006,Bitget
HOME-USDT,4h,0.005,0.03,Bitget
HOOD-USDT,4h,0.005,0.03,Bitget
HUMA-USDT,4h,0.005,0.03,Bitget
HYPE-USDT,4h,0.005,0.03,Bitget
HYPER-USDT,4h,0.005,0.03,Bitget
IBM-USDT,4h,0.005,0.03,Bitget
ICNT-USDT,4h,-0.5682999999999999,-3.4097999999999997,Bitget
IDOL-USDT,4h,0.005,0.03,Bitget
ILV-USDT,4h,0.005,0.03,Bitget
IMX-USDT,4h,0.005,0.03,Bitget
IN-USDT,4h,-0.1575,-0.9450000000000001,Bitget
INIT-USDT,4h,-0.3301,-1.9806,Bitget
INTC-USDT,4h,0.005,0.03,Bitget
IO-USDT,4h,0.005,0.03,Bitget
IP-USDT,4h,0.005,0.03,Bitget
IR-USDT,4h,0.005,0.03,Bitget
IRYS-USDT,4h,0.005,0.03,Bitget
JCT-USDT,4h,0.005,0.03,Bitget
JD-USDT,4h,0.005,0.03,Bitget
JST-USDT,4h,-0.0247,-0.1482,Bitget
JTO-USDT,4h,0.005,0.03,Bitget
JUP-USDT,4h,0.005,0.03,Bitget
KAIA-USDT,4h,0.005,0.03,Bitget
KAITO-USDT,4h,0.005,0.03,Bitget
KAS-USDT,4h,-0.0082,-0.04920000000000001,Bitget
KAVA-USDT,4h,0.005,0.03,Bitget
KERNEL-USDT,4h,0.005,0.03,Bitget
KGEN-USDT,4h,0.005,0.03,Bitget
KITE-USDT,4h,0.005,0.03,Bitget
KMNO-USDT,4h,0.005,0.03,Bitget
LA-USDT,4h,0.005,0.03,Bitget
LAB-USDT,4h,0.005,0.03,Bitget
LAYER-USDT,4h,0.005,0.03,Bitget
LIGHT-USDT,4h,0.0229,0.1374,Bitget
LINEA-USDT,4h,0.005,0.03,Bitget
LISTA-USDT,4h,0.005,0.03,Bitget
LIT-USDT,4h,0.005,0.03,Bitget
LLY-USDT,4h,0.005,0.03,Bitget
LPT-USDT,4h,-0.006200000000000001,-0.037200000000000004,Bitget
LRC-USDT,4h,0.005,0.03,Bitget
LSK-USDT,4h,0.005,0.03,Bitget
LUMIA-USDT,4h,0.005,0.03,Bitget
LUNA-USDT,4h,0.005,0.03,Bitget
LYN-USDT,4h,0.00039999999999999996,0.0024,Bitget
M-USDT,4h,0.005,0.03,Bitget
MA-USDT,4h,0.005,0.03,Bitget
MAGIC-USDT,4h,0.005,0.03,Bitget
MAGMA-USDT,4h,0.005,0.03,Bitget
MANTA-USDT,4h,0.005,0.03,Bitget
MASK-USDT,4h,0.005,0.03,Bitget
MBOX-USDT,4h,0.005,0.03,Bitget
MCD-USDT,4h,0.005,0.03,Bitget
ME-USDT,4h,0.005,0.03,Bitget
MEGA-USDT,4h,0.005,0.03,Bitget
MELANIA-USDT,4h,-0.0029,-0.0174,Bitget
MEME-USDT,4h,0.005,0.03,Bitget
MERL-USDT,4h,-0.0063,-0.0378,Bitget
MET-USDT,4h,0.005,0.03,Bitget
META-USDT,4h,0.005,0.03,Bitget
METIS-USDT,4h,0.005,0.03,Bitget
MEW-USDT,4h,0.005,0.03,Bitget
MIRA-USDT,4h,0.005,0.03,Bitget
MITO-USDT,4h,0.005,0.03,Bitget
MLN-USDT,4h,0.005,0.03,Bitget
MMT-USDT,4h,0.005,0.03,Bitget
MOCA-USDT,4h,0.005,0.03,Bitget
MON-USDT,4h,0.005,0.03,Bitget
MOODENG-USDT,4h,-0.0051,-0.030600000000000002,Bitget
MORPHO-USDT,4h,0.005,0.03,Bitget
MOVE-USDT,4h,0.005,0.03,Bitget
MOVR-USDT,4h,0.005,0.03,Bitget
MRVL-USDT,4h,0.005,0.03,Bitget
MSFT-USDT,4h,0.019100000000000002,0.11460000000000001,Bitget
MSTR-USDT,4h,0.005,0.03,Bitget
MUBARAK-USDT,4h,0.005,0.03,Bitget
MYX-USDT,4h,0.005,0.03,Bitget
NAORIS-USDT,4h,0.005,0.03,Bitget
NEIROCTO-USDT,4h,0.005,0.03,Bitget
NEWT-USDT,4h,0.005,0.03,Bitget
NFP-USDT,4h,0.005,0.03,Bitget
NIGHT-USDT,4h,0.005,0.03,Bitget
NIL-USDT,4h,0.005,0.03,Bitget
NMR-USDT,4h,0.005,0.03,Bitget
NOM-USDT,4h,-0.15560000000000002,-0.9336000000000001,Bitget
NOT-USDT,4h,0.005,0.03,Bitget
NTRN-USDT,4h,0.005,0.03,Bitget
NVDA-USDT,4h,0.005,0.03,Bitget
NXPC-USDT,4h,0.005,0.03,Bitget
OG-USDT,4h,0.005,0.03,Bitget
OL-USDT,4h,0.005,0.03,Bitget
OM-USDT,4h,0.005,0.03,Bitget
ONDO-USDT,4h,0.005,0.03,Bitget
ONG-USDT,4h,-0.0006000000000000001,-0.0036000000000000003,Bitget
ONT-USDT,4h,0.005,0.03,Bitget
OPEN-USDT,4h,0.005,0.03,Bitget
ORCA-USDT,4h,0.005,0.03,Bitget
ORCL-USDT,4h,0.005,0.03,Bitget
ORDI-USDT,4h,0.005,0.03,Bitget
PARTI-USDT,4h,0.005,0.03,Bitget
PAXG-USDT,4h,-0.0147,-0.0882,Bitget
PEAQ-USDT,4h,0.005,0.03,Bitget
PENGU-USDT,4h,-0.0025,-0.015,Bitget
PEP-USDT,4h,0.005,0.03,Bitget
PHA-USDT,4h,0.005,0.03,Bitget
PI-USDT,4h,0.005,0.03,Bitget
PIEVERSE-USDT,4h,0.005,0.03,Bitget
PIXEL-USDT,4h,0.005,0.03,Bitget
PLTR-USDT,4h,0.005,0.03,Bitget
PLUME-USDT,4h,0.005,0.03,Bitget
PNUT-USDT,4h,0.004,0.024,Bitget
POL-USDT,4h,-0.0097,-0.0582,Bitget
POLYX-USDT,4h,0.005,0.03,Bitget
POPCAT-USDT,4h,0.005,0.03,Bitget
PORTAL-USDT,4h,0.005,0.03,Bitget
POWER-USDT,4h,0.005,0.03,Bitget
POWR-USDT,4h,0.005,0.03,Bitget
PROM-USDT,4h,0.005,0.03,Bitget
PROVE-USDT,4h,0.005,0.03,Bitget
PUFFER-USDT,4h,0.005,0.03,Bitget
PUMP-USDT,4h,0.005,0.03,Bitget
PUNDIX-USDT,4h,0.005,0.03,Bitget
PYTH-USDT,4h,0.005,0.03,Bitget
Q-USDT,4h,0.005,0.03,Bitget
QQQ-USDT,4h,0.005,0.03,Bitget
RARE-USDT,4h,0.005,0.03,Bitget
RAVE-USDT,4h,0.005,0.03,Bitget
RAY-USDT,4h,0.005,0.03,Bitget
RDDT-USDT,4h,0.005,0.03,Bitget
RECALL-USDT,4h,0.005,0.03,Bitget
RED-USDT,4h,0.005,0.03,Bitget
RENDER-USDT,4h,0.005,0.03,Bitget
RESOLV-USDT,4h,0.0045000000000000005,0.027000000000000003,Bitget
REZ-USDT,4h,0.005,0.03,Bitget
RLS-USDT,4h,0.005,0.03,Bitget
RON-USDT,4h,0.005,0.03,Bitget
RPL-USDT,4h,0.005,0.03,Bitget
RVN-USDT,4h,0.005,0.03,Bitget
S-USDT,4h,0.005,0.03,Bitget
SAFE-USDT,4h,0.005,0.03,Bitget
SAGA-USDT,4h,0.005,0.03,Bitget
SAHARA-USDT,4h,0.005,0.03,Bitget
SANTOS-USDT,4h,0.005,0.03,Bitget
SAPIEN-USDT,4h,0.005,0.03,Bitget
SCR-USDT,4h,0.005,0.03,Bitget
SCRT-USDT,4h,0.005,0.03,Bitget
SHELL-USDT,4h,0.005,0.03,Bitget
SIGN-USDT,4h,0.005,0.03,Bitget
SIREN-USDT,4h,0.005,0.03,Bitget
SKL-USDT,4h,0.005,0.03,Bitget
SKR-USDT,4h,0.00019999999999999998,0.0012,Bitget
SKY-USDT,4h,0.005,0.03,Bitget
SKYAI-USDT,4h,-0.0021,-0.0126,Bitget
SLP-USDT,4h,0.005,0.03,Bitget
SOLV-USDT,4h,0.005,0.03,Bitget
SOMI-USDT,4h,-0.0428,-0.2568,Bitget
SONIC-USDT,4h,-0.0109,-0.0654,Bitget
SOON-USDT,4h,0.005,0.03,Bitget
SOPH-USDT,4h,0.005,0.03,Bitget
SPACE-USDT,4h,0.005,0.03,Bitget
SPK-USDT,4h,0.005,0.03,Bitget
SPX-USDT,4h,0.005,0.03,Bitget
SQD-USDT,4h,0.005,0.03,Bitget
STABLE-USDT,4h,0.005,0.03,Bitget
STBL-USDT,4h,0.005,0.03,Bitget
STEEM-USDT,4h,0.005,0.03,Bitget
STO-USDT,4h,0.005,0.03,Bitget
STORJ-USDT,4h,0.005,0.03,Bitget
STRK-USDT,4h,0.005,0.03,Bitget
SUN-USDT,4h,-0.0109,-0.0654,Bitget
SUPER-USDT,4h,0.005,0.03,Bitget
SXT-USDT,4h,-0.0058,-0.0348,Bitget
SYN-USDT,4h,-0.7628,-4.5768,Bitget
SYRUP-USDT,4h,0.005,0.03,Bitget
SYS-USDT,4h,0.005,0.03,Bitget
T-USDT,4h,0.005,0.03,Bitget
TAC-USDT,4h,0.005,0.03,Bitget
TAG-USDT,4h,0.005,0.03,Bitget
TAI-USDT,4h,0.005,0.03,Bitget
TAIKO-USDT,4h,0.005,0.03,Bitget
TAO-USDT,4h,-0.0103,-0.0618,Bitget
THE-USDT,4h,-0.0196,-0.1176,Bitget
TIA-USDT,4h,0.005,0.03,Bitget
TNSR-USDT,4h,0.005,0.03,Bitget
TON-USDT,4h,0.0024000000000000002,0.014400000000000001,Bitget
TOSHI-USDT,4h,-0.013300000000000001,-0.07980000000000001,Bitget
TOWNS-USDT,4h,0.0033000000000000004,0.0198,Bitget
TRB-USDT,4h,0.005,0.03,Bitget
TREE-USDT,4h,0.005,0.03,Bitget
TRUMP-USDT,4h,-0.0144,-0.0864,Bitget
TRUST-USDT,4h,0.005,0.03,Bitget
TSLA-USDT,4h,0.005,0.03,Bitget
TSTBSC-USDT,4h,-0.0291,-0.1746,Bitget
TURBO-USDT,4h,0.005,0.03,Bitget
TUT-USDT,4h,0.005,0.03,Bitget
UAI-USDT,4h,0.005,0.03,Bitget
UB-USDT,4h,0.005,0.03,Bitget
UMA-USDT,4h,0.005,0.03,Bitget
UNH-USDT,4h,0.005,0.03,Bitget
US-USDT,4h,0.005,0.03,Bitget
USELESS-USDT,4h,0.005,0.03,Bitget
USTC-USDT,4h,0.005,0.03,Bitget
USUAL-USDT,4h,0.005,0.03,Bitget
VANA-USDT,4h,0.005,0.03,Bitget
VANRY-USDT,4h,0.005,0.03,Bitget
VELODROME-USDT,4h,0.005,0.03,Bitget
VELVET-USDT,4h,0.005,0.03,Bitget
VIC-USDT,4h,0.005,0.03,Bitget
VINE-USDT,4h,0.005,0.03,Bitget
VIRTUAL-USDT,4h,-0.0012000000000000001,-0.007200000000000001,Bitget
VTHO-USDT,4h,0.005,0.03,Bitget
VVV-USDT,4h,-0.043800000000000006,-0.26280000000000003,Bitget
W-USDT,4h,0.005,0.03,Bitget
WAL-USDT,4h,-0.0241,-0.1446,Bitget
WAVES-USDT,4h,0.005,0.03,Bitget
WAXP-USDT,4h,0.005,0.03,Bitget
WCT-USDT,4h,0.005,0.03,Bitget
WET-USDT,4h,0.005,0.03,Bitget
WIF-USDT,4h,0.005,0.03,Bitget
WLFI-USDT,4h,0.005,0.03,Bitget
XAG-USDT,4h,0.4906,2.9436,Bitget
XAI-USDT,4h,0.005,0.03,Bitget
XAN-USDT,4h,0.005,0.03,Bitget
XAU-USDT,4h,0.0825,0.495,Bitget
XAUT-USDT,4h,-0.0007,-0.0042,Bitget
XDC-USDT,4h,0.005,0.03,Bitget
XPD-USDT,4h,0.1802,1.0812,Bitget
XPIN-USDT,4h,0.005,0.03,Bitget
XPL-USDT,4h,-0.0043,-0.0258,Bitget
XPT-USDT,4h,0.005,0.03,Bitget
XTZ-USDT,4h,0.005,0.03,Bitget
YB-USDT,4h,0.005,0.03,Bitget
YGG-USDT,4h,0.005,0.03,Bitget
ZBT-USDT,4h,0.005,0.03,Bitget
ZEC-USDT,4h,-0.0034,-0.020399999999999998,Bitget
ZEREBRO-USDT,4h,0.005,0.03,Bitget
ZETA-USDT,4h,0.005,0.03,Bitget
ZK-USDT,4h,0.005,0.03,Bitget
ZKC-USDT,4h,-0.0619,-0.37139999999999995,Bitget
ZKJ-USDT,4h,0.005,0.03,Bitget
ZKP-USDT,4h,-0.045399999999999996,-0.2724,Bitget
ZORA-USDT,4h,-0.0057,-0.0342,Bitget
ZRO-USDT,4h,0.005,0.03,Bitget
ZRX-USDT,4h,0.005,0.03,Bitget
1000XEC-USDT,8h,0.01,0.03,Bitget
1INCH-USDT,8h,0.01,0.03,Bitget
AAVE-USDT,8h,0.01,0.03,Bitget
ACH-USDT,8h,0.01,0.03,Bitget
ADA-USDT,8h,0.01,0.03,Bitget
AGLD-USDT,8h,0.01,0.03,Bitget
ALGO-USDT,8h,0.01,0.03,Bitget
ALICE-USDT,8h,0.01,0.03,Bitget
ANKR-USDT,8h,0.01,0.03,Bitget
APE-USDT,8h,0.01,0.03,Bitget
APT-USDT,8h,0.01,0.03,Bitget
AR-USDT,8h,0.0089,0.0267,Bitget
ARB-USDT,8h,0.01,0.03,Bitget
ARKM-USDT,8h,0.0023,0.0069,Bitget
ARPA-USDT,8h,-0.1399,-0.41969999999999996,Bitget
ASTR-USDT,8h,0.01,0.03,Bitget
ATA-USDT,8h,0.01,0.03,Bitget
ATOM-USDT,8h,0.01,0.03,Bitget
AVAX-USDT,8h,-0.0164,-0.04920000000000001,Bitget
BAND-USDT,8h,0.01,0.03,Bitget
BAT-USDT,8h,0.01,0.03,Bitget
BCH-USDT,8h,0.0018,0.0054,Bitget
BEL-USDT,8h,0.01,0.03,Bitget
BGB-USDT,8h,-0.034,-0.10200000000000001,Bitget
BICO-USDT,8h,0.01,0.03,Bitget
BLAST-USDT,8h,-0.10560000000000001,-0.3168,Bitget
BLUR-USDT,8h,0.01,0.03,Bitget
BNB-USDT,8h,0.0007999999999999999,0.0024,Bitget
BNT-USDT,8h,0.01,0.03,Bitget
BTC-USDT,8h,0.004699999999999999,0.014099999999999998,Bitget
C98-USDT,8h,0.01,0.03,Bitget
CELO-USDT,8h,-0.0036,-0.0108,Bitget
CELR-USDT,8h,0.01,0.03,Bitget
CFX-USDT,8h,0.01,0.03,Bitget
CHR-USDT,8h,0.01,0.03,Bitget
CHZ-USDT,8h,-0.00039999999999999996,-0.0012,Bitget
CKB-USDT,8h,0.01,0.03,Bitget
COMP-USDT,8h,0.01,0.03,Bitget
CORE-USDT,8h,0.01,0.03,Bitget
COTI-USDT,8h,0.01,0.03,Bitget
CRO-USDT,8h,0.005399999999999999,0.0162,Bitget
CRV-USDT,8h,0.01,0.03,Bitget
CTSI-USDT,8h,0.01,0.03,Bitget
DASH-USDT,8h,0.01,0.03,Bitget
DENT-USDT,8h,0.01,0.03,Bitget
DOGE-USDT,8h,-0.0007999999999999999,-0.0024,Bitget
DOT-USDT,8h,0.01,0.03,Bitget
DYDX-USDT,8h,0.01,0.03,Bitget
EGLD-USDT,8h,0.01,0.03,Bitget
ENJ-USDT,8h,-0.0369,-0.1107,Bitget
ENS-USDT,8h,0.01,0.03,Bitget
ETC-USDT,8h,0.01,0.03,Bitget
ETH-USDT,8h,-0.0072,-0.0216,Bitget
FET-USDT,8h,-0.012400000000000001,-0.037200000000000004,Bitget
FIL-USDT,8h,-0.0167,-0.0501,Bitget
FLOKI-USDT,8h,0.01,0.03,Bitget
GALA-USDT,8h,0.01,0.03,Bitget
GMX-USDT,8h,0.01,0.03,Bitget
GNO-USDT,8h,0.01,0.03,Bitget
GRT-USDT,8h,0.01,0.03,Bitget
GTC-USDT,8h,0.01,0.03,Bitget
HBAR-USDT,8h,0.0095,0.028499999999999998,Bitget
HFT-USDT,8h,0.01,0.03,Bitget
HNT-USDT,8h,0.01,0.03,Bitget
HOT-USDT,8h,0.01,0.03,Bitget
ICP-USDT,8h,0.01,0.03,Bitget
ICX-USDT,8h,0.01,0.03,Bitget
ID-USDT,8h,0.0044,0.0132,Bitget
INJ-USDT,8h,0.01,0.03,Bitget
IOST-USDT,8h,0.01,0.03,Bitget
IOTA-USDT,8h,0.01,0.03,Bitget
IOTX-USDT,8h,0.01,0.03,Bitget
JASMY-USDT,8h,0.01,0.03,Bitget
JOE-USDT,8h,0.01,0.03,Bitget
KNC-USDT,8h,0.01,0.03,Bitget
KSM-USDT,8h,0.01,0.03,Bitget
LDO-USDT,8h,0.01,0.03,Bitget
LINK-USDT,8h,0.0049,0.0147,Bitget
LQTY-USDT,8h,0.0072,0.0216,Bitget
LTC-USDT,8h,-0.0041,-0.012300000000000002,Bitget
LUNC-USDT,8h,0.01,0.03,Bitget
MANA-USDT,8h,-0.026600000000000002,-0.07980000000000001,Bitget
MAV-USDT,8h,0.01,0.03,Bitget
MINA-USDT,8h,0.01,0.03,Bitget
MTL-USDT,8h,0.01,0.03,Bitget
NEAR-USDT,8h,0.01,0.03,Bitget
NEO-USDT,8h,0.01,0.03,Bitget
OGN-USDT,8h,0.01,0.03,Bitget
ONE-USDT,8h,0.01,0.03,Bitget
OP-USDT,8h,0.01,0.03,Bitget
ORDER-USDT,8h,0.01,0.03,Bitget
OXT-USDT,8h,0.01,0.03,Bitget
PENDLE-USDT,8h,0.01,0.03,Bitget
PEOPLE-USDT,8h,0.01,0.03,Bitget
PEPE-USDT,8h,-0.0046,-0.0138,Bitget
PHB-USDT,8h,0.01,0.03,Bitget
QNT-USDT,8h,0.01,0.03,Bitget
QTUM-USDT,8h,0.01,0.03,Bitget
RDNT-USDT,8h,0.01,0.03,Bitget
ROSE-USDT,8h,-0.0642,-0.1926,Bitget
RSR-USDT,8h,0.01,0.03,Bitget
RUNE-USDT,8h,0.01,0.03,Bitget
SAND-USDT,8h,0.01,0.03,Bitget
SEI-USDT,8h,-0.0401,-0.12029999999999999,Bitget
SFP-USDT,8h,0.01,0.03,Bitget
SHIB-USDT,8h,0.0052,0.0156,Bitget
SNX-USDT,8h,0.01,0.03,Bitget
SOL-USDT,8h,-0.0052,-0.0156,Bitget
SPELL-USDT,8h,-0.024,-0.07200000000000001,Bitget
SSV-USDT,8h,0.01,0.03,Bitget
STG-USDT,8h,0.01,0.03,Bitget
STX-USDT,8h,0.01,0.03,Bitget
SUI-USDT,8h,-0.014799999999999999,-0.044399999999999995,Bitget
SUSHI-USDT,8h,0.009600000000000001,0.028800000000000003,Bitget
THETA-USDT,8h,0.01,0.03,Bitget
TLM-USDT,8h,-0.0145,-0.043500000000000004,Bitget
TRU-USDT,8h,0.01,0.03,Bitget
TRX-USDT,8h,0.002,0.006,Bitget
UNI-USDT,8h,0.01,0.03,Bitget
USDC-USDT,8h,0.0093,0.027899999999999998,Bitget
VELO-USDT,8h,0.01,0.03,Bitget
VET-USDT,8h,0.01,0.03,Bitget
WLD-USDT,8h,-0.0164,-0.04920000000000001,Bitget
WOO-USDT,8h,0.01,0.03,Bitget
XLM-USDT,8h,0.0043,0.0129,Bitget
XMR-USDT,8h,0.01,0.03,Bitget
XRP-USDT,8h,-0.0041,-0.012300000000000002,Bitget
XVG-USDT,8h,0.01,0.03,Bitget
XVS-USDT,8h,-0.0393,-0.1179,Bitget
ZBCN-USDT,8h,0.01,0.03,Bitget
ZEN-USDT,8h,0.0086,0.0258,Bitget
ZIL-USDT,8h,0.01,0.03,Bitget
